{
    "alpha": 93.31010000000002,
    "gap": 0.3436010000000002,
    "homo": -0.1757,
    "lumo": 0.091,
    "mu": 6.742203000000001,
    "cv": 41.20805000000001
}